<?xml version="1.0" encoding="UTF-8"?>
<!DOCTYPE hibernate-configuration PUBLIC
		"-//Hibernate/Hibernate Configuration DTD 3.0//EN"
		"http://hibernate.sourceforge.net/hibernate-configuration-3.0.dtd">
<hibernate-configuration>
    <session-factory>
        <property name="hibernate.connection.driver_class">org.gjt.mm.mysql.Driver</property>
        <property name="hibernate.connection.url">jdbc:mysql://127.0.0.1/biblioteca</property>
        <property name="hibernate.connection.username">root</property>
        <property name="hibernate.dialect">org.hibernate.dialect.MySQLDialect</property>
    
	    
	    <mapping resource="Autori.hbm.xml"/>
	    <mapping resource="Libri.hbm.xml"/>
	    <mapping resource="Properties.hbm.xml"/>
    
    </session-factory>
    
    
    
</hibernate-configuration>
