<?xml version="1.0" encoding="UTF-8"?>

<web-app 
	xmlns:xsi="http://www.w3.org/2001/XMLSchema-instance" 
	xmlns="http://java.sun.com/xml/ns/javaee" 
	xmlns:web="http://java.sun.com/xml/ns/javaee/web-app_2_5.xsd" 
	xsi:schemaLocation="http://java.sun.com/xml/ns/javaee http://java.sun.com/xml/ns/javaee/web-app_2_5.xsd" 
	id="WebApp_ID" 
	version="2.5">

   <servlet>
      <servlet-name>Faces Servlet</servlet-name>
      <servlet-class>javax.faces.webapp.FacesServlet</servlet-class>
      <load-on-startup>1</load-on-startup>
   </servlet>

   <servlet-mapping>
      <servlet-name>Faces Servlet</servlet-name>
      <url-pattern>*.jsf</url-pattern>
   </servlet-mapping>

  <context-param>
    <param-name>javax.faces.DEFAULT_SUFFIX</param-name>
    <param-value>.xhtml</param-value>
  </context-param>




  <context-param>
      <param-name>com.sun.faces.validateXml</param-name>
      <param-value>false</param-value>
  </context-param>
  <context-param>
      <param-name>com.sun.faces.forceLoadConfiguration</param-name>
      <param-value>true</param-value>
  </context-param>
  
  
  
  
</web-app>