<?xml version="1.0" encoding="UTF-8"?>
<!DOCTYPE log4j:configuration SYSTEM "log4j.dtd">
<!-- ===================================================================== -->
<!--                                                                       -->
<!--  Log4j Configuration                                                  -->
<!--                                                                       -->
<!-- ===================================================================== -->
<!--
   | For more configuration infromation and examples see the Jakarta Log4j
   | owebsite: http://jakarta.apache.org/log4j
 -->
<log4j:configuration xmlns:log4j="http://jakarta.apache.org/log4j/" debug="false">
	

	  <appender name="gebib" class="org.apache.log4j.RollingFileAppender">
        <param name="file" value="C:/GeBib/logs/logs.log"/>
        <param name="MaxFileSize" value="10000KB"/>
        <!-- Keep one backup file -->
        <param name="MaxBackupIndex" value="10"/>
        <layout class="org.apache.log4j.PatternLayout">
          <param name="ConversionPattern" value="%d %-5p [%c] [[%x]] %m%n"/>
        </layout>
      </appender>
	  <appender name="sql" class="org.apache.log4j.RollingFileAppender">
        <param name="file" value="C:/GeBib/logs/sql.log"/>
        <param name="MaxFileSize" value="10000KB"/>
        <!-- Keep one backup file -->
        <param name="MaxBackupIndex" value="10"/>
        <layout class="org.apache.log4j.PatternLayout">
          <param name="ConversionPattern" value="%d %-5p [%c] [[%x]] %m%n"/>
        </layout>
      </appender>
      <appender name="ibatis" class="org.apache.log4j.RollingFileAppender">
        <param name="file" value="C:/GeBib/logs/ibatis.log"/>
        <param name="MaxFileSize" value="10000KB"/>
        <!-- Keep one backup file -->
        <param name="MaxBackupIndex" value="10"/>
        <layout class="org.apache.log4j.PatternLayout">
          <param name="ConversionPattern" value="%d %-5p [%c] [[%x]] %m%n"/>
        </layout>
      </appender>



 	<!-- ======================= -->
	<!-- WOM categories -->
	<!-- ======================= -->
     <category name="org.sbelli.gebib">
        <priority value="DEBUG"/>
        <appender-ref ref="gebib"/>
    </category>
     <category name="java.sql">
        <priority value="INFO"/>
        <appender-ref ref="sql"/>
    </category>   
     <category name="com.ibatis">
        <priority value="INFO"/>
        <appender-ref ref="ibatis"/>
    </category>    
    
	<root>
		<appender-ref ref="gebib"/>
	</root>
</log4j:configuration>
