<web-app xmlns="http://caucho.com/ns/resin"
       xmlns:resin="http://caucho.com/ns/resin/core">
 
 
   <servlet>
      <servlet-name>Faces Servlet</servlet-name>
      <servlet-class>javax.faces.webapp.FacesServlet</servlet-class>
      <load-on-startup>1</load-on-startup>
   </servlet>

   <servlet-mapping>
      <servlet-name>Faces Servlet</servlet-name>
      <url-pattern>*.jsf</url-pattern>
   </servlet-mapping>

  <context-param>
    <param-name>javax.faces.DEFAULT_SUFFIX</param-name>
    <param-value>.xhtml</param-value>
  </context-param>




  <context-param>
      <param-name>com.sun.faces.validateXml</param-name>
      <param-value>false</param-value>
  </context-param>
  <context-param>
      <param-name>com.sun.faces.forceLoadConfiguration</param-name>
      <param-value>true</param-value>
  </context-param>
  
  
  
  
  
  <listener> 
    <listener-class>com.sun.faces.config.ConfigureListener</listener-class>  
  </listener>
 
</web-app>